"AF3","AF4","F3","F4","F7","F8","FC5","FC6","O1","O2","P7","P8","T7","T8",
-33.0205,-15.1846,-42.1795,1.6872,42.1793,-1.6872,-5.5436,-3.6154,25.7899,-9.8819,5.5436,7.4718,11.8101,17.1128,
-28.6291,-20.0583,-42.541,-10.4653,35.31,-15.686,-19.311,-2.4344,17.4933,3.2442,18.7081,5.0951,17.3683,3.0708,
-21.8497,-10.9006,-32.0346,-2.3656,39.6993,-0.64483,-4.0523,-1.083,26.8081,-3.4584,8.1861,8.4048,15.1209,9.394,
-25.1185,-10.9702,-32.7641,-3.4287,32.7378,4.6965,-8.6299,-1.7412,16.7637,-9.7586,1.1868,0.91086,4.3315,8.1073,
-19.0316,-9.5886,-29.1108,-3.9459,35.3533,0.79929,-12.6914,1.0144,13.1068,-0.73692,8.1054,-1.313,8.1694,8.3442,
-20.0591,-6.362,-26.6412,0.8699,35.883,0.99253,-4.4579,-2.1797,20.2739,-4.7903,-1.7807,4.3092,7.438,16.2794,
-23.676,-14.1752,-28.8991,-7.8592,21.197,-13.167,-16.7239,2.2894,11.3447,-0.16409,10.3773,3.5687,8.9199,4.6974,
-18.6401,-8.263,-18.7293,-0.39774,26.9148,1.723,-3.9101,-1.4632,15.7259,-9.5545,4.6932,1.1857,7.6616,7.0669,
-15.5935,-5.839,-12.7851,1.5543,25.7818,5.2348,-2.2297,-3.7855,12.8541,-5.1248,-3.3012,0.1502,3.8279,8.0891,
-9.3552,-6.9349,-8.6437,0.014801,24.2349,-2.7921,-4.0241,0.29799,12.0824,4.3417,7.9841,-1.3051,10.3467,5.1932,
-11.9274,-5.7957,-5.9555,3.6296,23.022,3.8832,4.6532,-7.6739,9.1886,-10.0188,-3.341,-6.2882,5.6288,10.9074,
-10.2474,-6.4121,2.1146,0.037336,18.2663,-6.4729,-2.3744,2.4275,1.4064,4.6823,6.0185,-2.5365,8.1831,6.8785,
-11.802,-6.7505,8.4952,-0.20587,22.7139,-2.4689,3.3117,2.0409,11.204,3.9192,4.4521,-2.1433,7.9331,6.7072,
-11.3348,-6.1042,4.3703,1.0115,20.6279,0.81248,1.9079,1.1953,12.7011,0.55082,2.9799,-0.80965,8.1802,13.2944,
-10.4135,-10.3175,0.97484,-4.5928,13.8471,-8.6363,-8.5707,2.8108,9.288,8.9539,7.8628,-2.9302,9.3766,6.4712,
-8.3427,-5.3599,10.0752,0.98545,20.2467,4.8973,6.0436,-3.1424,17.4073,2.1497,-5.1424,-5.6465,2.0651,9.9393,
-8.3243,-6.9667,14.7731,-4.3766,8.4268,-0.69939,5.0783,0.42038,4.3116,11.6619,2.8786,-10.1286,-1.433,0.18369,
-11.9222,-7.754,17.5021,-6.2831,5.2696,-4.2728,1.1582,-3.7022,2.8476,11.6851,1.983,-16.0286,-2.0699,-3.4428,
-10.4837,-8.4936,17.1753,-6.1471,7.1231,-7.1495,3.2579,-7.5774,3.4001,17.01,-3.6796,-16.7539,-4.1149,2.3074,
-5.9983,-9.9124,20.4829,-10.1166,-0.052984,-10.5771,-3.6863,-2.3023,-1.1425,30.0894,1.8436,-16.2306,-3.8682,-2.6515,
-6.3615,-2.3276,28.6542,-0.59153,5.4936,3.796,5.9351,-6.2613,6.88,16.8351,-10.0769,-17.4259,-8.2156,2.5695,
-2.6054,-4.5985,28.3809,-3.9307,4.1999,-3.1804,-2.134,-1.0656,0.68242,20.6455,-0.31347,-15.8984,-3.8661,0.96884,
5.0227,-1.6713,31.7395,-7.7922,8.0455,2.0719,2.0916,-1.2424,-1.5275,25.4325,-2.946,-11.8113,-3.8753,0.18758,
4.4804,3.9724,35.3788,-4.6734,10.6958,11.8295,8.9556,-6.7114,-3.6054,12.5784,-14.0974,-13.7539,-11.5965,2.3455,
3.9704,0.60079,30.6047,-6.5624,3.0644,5.0939,-4.3562,-2.6936,-7.0043,8.69,-1.4412,-17.026,-7.2856,-1.8928,
7.1066,7.7956,27.8046,-0.38358,9.1475,18.8883,6.9926,-5.424,-2.2453,2.8664,-14.3702,-10.2197,-12.1506,10.2723,
8.3672,8.5329,26.377,-5.9044,9.3213,18.3579,5.368,0.92674,-11.0288,16.7944,-12.7848,-10.3296,-15.5192,7.9685,
9.0702,8.7441,30.3383,-3.3808,9.9671,18.9434,4.3228,1.5943,-2.4131,15.1841,-4.0642,-14.2896,-8.5627,4.3571,
3.7058,6.2912,23.6977,-4.1422,9.3695,17.8073,5.9916,-12.6014,-4.1965,0.17305,-16.8353,-17.7703,-14.7974,5.542,
17.5834,8.0831,28.7836,-9.9192,22.9073,18.9078,11.6579,1.0496,-13.8269,6.7911,-3.5329,-16.4631,-8.3657,0.63039,
14.9617,5.429,28.7433,-10.5292,32.9816,31.8733,18.4298,-3.1107,-11.3101,-6.3908,-17.4209,-20.5372,-17.2642,0.83307,
14.7869,7.7543,28.7059,-2.4256,22.0846,29.3582,8.8883,-3.165,-11.3544,1.9464,-19.6299,-11.3508,-18.8795,12.1113,
16.0691,6.084,23.3679,-3.0037,16.662,18.1965,8.5957,-8.519,-14.2888,2.0703,-16.7651,-20.0702,-20.398,6.3232,
13.6589,7.165,22.9304,-2.8232,22.8933,18.5512,21.5776,-12.3459,-7.6466,-11.0691,-23.4717,-27.0607,-22.0664,4.9797,
12.1162,3.1199,23.2416,-6.269,12.1195,8.5203,8.473,0.68712,-9.3572,3.6951,-8.8068,-16.5188,-12.7885,1.5476,
3.6762,1.0043,18.4729,-3.0006,4.1617,15.7216,7.4825,-5.1389,-3.011,4.5579,-16.4733,-10.7076,-11.5394,4.3471,
0.80435,0.70331,15.677,-3.5437,-0.18558,9.235,3.4179,-4.5894,-0.17899,9.3459,-5.6028,-6.4495,-8.6777,8.1838,
1.9611,-1.5085,13.0494,-8.3927,-3.7901,-1.6837,-2.3306,1.7113,0.07249,13.3647,6.0613,-6.7857,-8.3982,6.9697,
0.63888,-0.69464,12.5076,-4.7557,-4.2854,5.8894,4.7989,-2.9704,1.7556,-0.21144,-8.4023,-8.0655,-11.9915,17.3975,
7.59,1.5162,15.8545,-3.7472,-7.1617,-1.9358,-3.4428,5.1615,3.8194,13.9013,6.2018,-1.5561,-1.39,19.4871,
3.5191,2.6305,13.698,-0.38912,-6.973,0.83143,1.3431,-4.5486,6.7233,2.3416,-1.1599,-7.9706,-9.7428,14.7025,
4.7545,2.4725,14.8045,0.11639,-7.5187,4.1562,4.6372,-3.3111,-5.249,2.2009,-3.0188,-10.3845,-10.1218,14.7844,
9.0485,-2.7373,15.1211,-8.3265,-8.2729,-5.4931,-2.149,1.4668,-15.2984,14.8433,8.4906,-6.1462,-2.043,8.8357,
7.7825,0.078455,15.4193,-3.2472,-2.2327,-0.10165,6.8982,-4.6465,-6.4266,2.6247,-1.4187,-0.23358,-7.464,13.8494,
4.6644,-2.5778,11.8426,-7.1499,-10.0524,-11.9061,-3.398,3.1041,-5.3176,5.6003,7.5845,-3.835,-8.2212,9.885,
0.28697,-4.5925,9.927,-5.5161,-7.7623,-9.0224,-1.5067,-0.69781,1.9911,3.5773,3.9957,-10.5948,-7.005,11.9432,
-0.69412,-6.2447,8.8495,-2.2926,-6.8146,-5.1066,-0.45244,-4.5123,1.8716,10.1115,2.7921,-2.7282,-5.6204,16.5292,
3.9267,-8.5215,10.0054,-9.1448,-8.0929,-10.3441,-3.0765,2.7482,4.8925,18.4226,16.363,3.9431,1.7066,12.4041,
-1.8524,-8.7337,8.2001,-8.8372,-1.5819,-6.1082,8.4359,-3.9245,9.1786,3.2172,1.2813,-4.2474,-5.3856,15.2752,
-0.77716,-10.6195,8.6722,-8.307,-9.1995,-13.9362,0.21724,2.5777,-1.9772,9.6525,8.7966,-5.9207,-1.6882,10.0201,
1.921,-10.7055,10.321,-8.0495,-14.6731,-10.4489,-1.483,0.25385,4.6489,9.3143,9.956,-0.98574,2.0285,11.5885,
-1.3282,-8.3762,5.6039,-7.3258,-16.4442,-7.6528,-3.5632,-2.8949,14.7338,7.5502,11.5278,9.4373,-3.6368,18.3646,
2.3673,-3.294,6.4733,-3.2707,-12.8061,-9.3629,-7.9288,8.6071,17.4656,21.1971,24.9361,15.8608,1.6429,19.9141,
-7.1749,-9.122,-0.42311,-7.6541,-13.7251,-7.114,-2.3915,-6.0093,9.4276,5.8253,9.34,0.80914,-11.2302,14.6218,
-0.47787,-8.5749,0.08467,-9.605,-12.9016,-7.1691,-1.7661,-3.3592,6.4519,7.8862,9.2617,-0.3241,-8.146,11.3339,
-0.20777,-8.3011,-3.5358,-8.3056,-14.2967,-4.0879,-4.3112,-4.8444,11.1264,8.1359,7.9831,1.3826,-9.8264,9.931,
1.7329,-1.5366,-1.3955,-1.0586,-13.4389,0.013775,-3.5706,-0.69737,10.4588,4.7557,0.75522,-0.62858,-9.719,20.4223,
1.6287,-2.4085,-0.34766,-3.4052,-16.4892,-5.7714,-12.5154,7.057,-4.2687,12.1829,9.8687,-4.9294,-8.1715,15.8228,
-4.7353,0.6288,-0.80851,2.5837,-12.1251,8.5544,1.7329,-4.9353,0.44646,-0.11703,-4.2205,-3.1872,-17.8041,16.3199,
-2.7647,-3.0246,-5.8219,-0.22262,-15.0133,-0.39477,-3.4326,-1.9884,1.1423,3.9871,1.0942,1.1012,-13.1209,12.6889,
4.1501,-6.6995,-4.0263,-1.6553,-10.2556,-5.6737,-1.2984,2.9517,1.0743,2.784,6.8131,-0.89284,-4.1385,8.5536,
-0.91914,-8.7081,-6.6773,-3.4844,-7.2302,-0.03066,3.1178,-6.3845,-4.2928,-7.024,-5.6468,-6.6241,-13.0495,8.0399,
1.5464,-7.2213,-8.6865,-5.2033,-8.7248,-2.4392,-4.2999,-2.1448,-4.5174,6.4126,6.7433,-3.3341,-7.9277,5.6296,
-3.6081,-6.0649,-13.227,-2.24,-9.4061,3.7327,2.948,-10.9342,1.7792,-8.0721,-5.4719,-2.8933,-7.6933,8.4253,
-7.007,-6.9063,-17.0131,-7.6492,-14.3858,-2.0349,-1.8086,-4.7345,-2.9073,-0.23669,-0.5638,3.7882,-7.4729,10.5709,
-3.2124,-6.4919,-19.3666,-11.0467,-10.148,-1.4306,-5.0743,0.85198,-4.1789,8.9368,3.8086,6.453,-7.9884,10.9007,
0.83697,1.6104,-15.3123,0.22144,-2.3085,12.7552,7.2815,-4.9835,-0.55351,-5.097,-7.9893,3.1737,-9.9194,20.8517,
-1.8648,-0.17347,-14.6345,-3.8897,-9.6418,2.9514,-2.0735,-2.9977,-11.3666,-7.9247,0.44378,-7.8632,-11.4936,11.1645,
-0.30665,3.6938,-10.8639,3.0926,2.9883,11.9333,8.1743,-1.8535,-5.3819,-11.7875,-6.8137,-7.3912,-13.6958,12.9052,
9.1118,7.569,-5.1509,9.8969,6.9063,15.3147,8.8886,6.2114,-10.1207,1.2122,-4.2357,-1.886,-6.8488,12.3719,
9.7701,7.8385,-2.1905,6.1699,-2.9078,13.1912,1.3657,5.598,-15.0568,0.41638,-0.36592,-10.2087,-5.7145,-0.18035,
6.7738,12.1884,-4.4692,8.2098,4.979,23.4865,7.5503,-1.0048,-7.8869,-13.7086,-13.8413,-15.3808,-15.013,4.1688,
11.1878,7.601,-8.5396,4.343,15.7677,14.8467,2.2772,5.3222,-16.0906,-5.5348,-3.852,-16.8683,-14.1118,-1.8657,
16.0599,10.2782,-9.2323,7.6976,28.0778,21.9094,13.4685,-2.9511,-17.2945,-16.5311,-12.0568,-18.0256,-19.773,-4.8875,
20.1583,16.1692,-9.8834,7.4769,27.5986,22.2823,9.5272,-4.461,-24.2108,-22.0469,-18.805,-16.7029,-23.6483,-3.3892,
22.0818,13.5118,-7.1212,1.4847,29.0757,11.0634,4.3758,-0.096026,-30.2295,-19.0369,-15.9895,-25.1007,-18.6138,-11.1395,
23.6494,14.6293,-1.3913,9.5903,41.4312,13.7736,18.2133,-5.3929,-20.7034,-21.7511,-20.3327,-27.9332,-16.5331,-8.543,
19.097,6.2797,-12.1541,1.0612,33.7634,-1.1528,14.3487,-6.7561,-30.307,-11.046,-10.6771,-25.0519,-13.8536,-20.3225,
16.7461,9.5181,-10.7017,3.6488,42.5836,4.8219,22.888,-3.6994,-22.9452,-13.9984,-13.6517,-14.631,-6.9969,-15.9699,
14.5362,4.3675,-11.2647,1.2605,42.6799,-1.0113,27.54,-2.2728,-12.6507,-7.6151,-8.253,-8.6917,-2.4799,-8.9863,
16.0742,-4.5712,-17.8196,-4.5995,33.3707,-11.5554,18.1753,0.27411,-4.6603,4.4114,6.3421,-8.6521,3.9358,-7.4828,
14.8688,4.6207,-16.0276,7.0045,36.4297,3.2379,26.0024,-2.8758,4.055,-9.1101,-0.18465,-3.5537,5.3864,6.7045,
13.0126,8.2001,-13.6199,5.6201,27.4952,-1.1747,18.6574,6.4555,-2.937,4.4521,6.5751,5.3366,14.2225,6.302,
11.2677,6.2621,-15.213,2.8725,23.9171,4.6806,19.4664,5.586,1.0954,5.631,6.6628,2.6061,4.2101,6.406,
12.7608,7.5736,-16.469,6.798,23.6873,10.9073,18.5394,5.9742,0.30675,0.23147,5.5396,1.2447,-10.1425,12.0476,
6.9337,0.12905,-22.4709,-3.0101,11.4201,-3.8472,3.327,4.8926,-11.522,3.3508,8.8229,0.44685,-23.6339,0.96023,
6.0357,8.7984,-16.302,8.7401,13.1454,3.0121,16.9867,1.2251,-2.6355,-3.5987,2.9909,3.7947,-36.3159,9.5802,
2.5401,0.79869,-23.2776,1.7078,2.4743,-6.5686,3.6749,1.8745,-10.9135,-6.0343,10.2832,-5.3513,-48.2369,0.08684,
-0.022417,-5.0338,-27.6657,-4.1793,2.3259,-10.9952,0.079994,-1.1305,-1.0997,-7.6004,8.22,-3.5839,-59.4427,1.5279,
-5.0828,-0.63443,-28.1752,2.579,0.49909,-7.202,3.2082,-2.268,4.9918,-2.5647,3.6294,8.441,-69.9762,15.5362,
-1.6445,-1.8014,-28.6536,1.7013,-7.0024,-10.8675,-4.4554,4.8582,-1.333,8.9176,15.222,7.2119,-64.8133,9.1809,
0.86473,-4.5854,-30.7908,-1.2931,-2.7259,-3.9485,6.8987,-4.5923,4.5311,-5.5972,0.81135,0.99458,-63.3348,8.6301,
3.9456,-4.0695,-30.6308,-5.3131,-0.87535,-7.8092,3.8335,2.6729,-2.7304,2.6922,8.7162,7.9243,-60.2579,12.2098,
1.5397,-1.1743,-31.444,-4.7533,-3.4739,-2.7613,2.8805,2.2715,-11.0022,-3.9768,7.4703,0.94138,-65.0783,9.3081,
7.2322,9.0198,-26.6651,5.655,-0.3732,10.9019,13.7947,0.20728,-4.0754,-10.9688,0.75535,-0.56136,-61.6555,16.9445,
6.3163,0.76535,-26.9936,-1.9151,-7.5816,-3.8522,0.43354,1.6406,-10.58,-1.6341,9.8691,-4.3841,-55.0641,2.4301,
7.1424,3.3708,-21.2762,4.7075,3.2373,2.0431,14.1465,0.33714,0.90108,-7.5613,5.1793,0.94089,-51.5191,7.3462,
-1.963,-4.544,-34.0996,-1.8417,-10.9364,-6.7564,0.2821,-1.1291,-0.11708,-3.7334,8.7252,4.7406,-53.7306,10.7615,
-9.0761,-6.682,-44.4666,-2.6953,-19.4393,-9.7255,-11.7859,0.86682,9.049,10.5906,17.3607,10.2407,-48.0964,12.526,
-11.4238,-5.3165,-43.7268,-1.0873,-13.9344,-6.2496,-5.7763,-2.5594,14.2908,9.8347,5.714,10.5904,-48.1029,15.1491,
-3.2666,-6.6852,-41.3444,-5.6016,-17.678,-13.3465,-10.9734,4.1016,7.8893,14.3058,16.217,13.5702,-41.1194,14.4811,
-6.927,-4.8378,-44.6481,-2.3732,-23.8477,-5.3148,-11.7612,-7.7136,4.5239,-0.65255,1.2647,5.5253,-50.7033,13.1303,
-5.3063,0.032418,-40.7639,2.3492,-19.7655,-1.8622,-10.332,-0.7431,3.0474,-0.25149,3.3582,7.3632,-49.8303,10.6555,
-6.6751,-5.5136,-41.4516,-4.7817,-14.9642,-5.8483,-9.9535,1.4707,4.5518,3.379,9.6642,4.752,-46.1176,3.0263,
-6.2746,-1.3264,-40.4107,-0.15644,-12.6205,3.1797,-2.6074,-7.2942,8.1351,-6.9466,-0.55666,0.61075,-49.617,9.1112,
2.0558,2.3688,-36.781,1.058,-15.4785,-0.62675,-10.4049,1.0969,-4.1634,4.3162,7.9126,-0.14926,-45.9171,6.8771,
3.3785,6.0829,-32.646,8.2251,-3.4628,10.4979,3.2346,1.5133,-4.3958,-5.584,-1.239,1.7879,-44.6083,10.803,
-0.68059,5.236,-36.954,6.2854,-9.5215,6.4935,-2.2621,0.94009,-8.9523,-6.2132,2.2094,3.6088,-40.0036,7.7447,
4.4215,1.7883,-36.9059,0.8468,-17.3864,-3.2961,-12.0083,4.9815,-2.8715,6.934,16.1768,4.1154,-27.2393,0.7721,
-3.5564,-5.0677,-41.9224,2.2423,-17.7892,-3.58,-5.5035,-7.3687,2.1213,-6.4972,3.7575,-2.8804,-34.2821,4.5824,
-1.8965,-0.90699,-40.3709,4.5181,-14.7935,-9.632,-9.0294,5.1247,1.0299,7.9926,17.6321,5.9697,-24.9941,9.1279,
-4.9164,-2.0581,-43.9744,-3.225,-17.0396,-8.8129,-10.6571,0.71967,3.6194,9.5615,19.5869,14.5294,-22.2894,8.3391,
-4.6214,-5.791,-45.1923,-6.406,-19.3912,-2.4995,-11.4634,-1.2517,5.3304,12.8442,14.5553,21.3704,-22.8802,13.6233,
-1.4516,-7.3715,-43.9268,-4.5751,-16.7814,-1.3857,-14.632,6.5362,3.5644,18.8224,23.3234,14.7855,-18.6151,8.95,
-4.9802,-3.7957,-45.8707,-0.20329,-9.2673,7.6158,-4.3543,-5.184,3.5917,3.5931,8.1855,4.0162,-25.9341,9.618,
0.86224,0.047444,-40.9493,-2.8422,-9.4342,7.8817,-6.7442,0.67069,-2.1674,6.8724,16.6124,8.8369,-19.7985,10.7282,
0.087376,-0.1966,-41.1437,-5.8054,-11.0375,8.6139,-7.5446,1.3531,-1.3142,3.3268,12,6.1373,-17.4056,5.505,
-3.2921,-4.5234,-46.8698,-3.0467,-9.8931,5.2048,-9.0203,0.30829,2.1388,-4.1034,10.3159,3.8411,-12.9868,5.6564,
3.4134,-6.903,-41.8884,-1.1764,-8.0942,0.79512,-10.6483,6.3153,2.2515,7.953,23.797,9.6364,-1.8432,5.5584,
0.79799,-1.1862,-39.3751,-2.0699,-3.2702,10.3884,4.0906,-5.1508,-2.2219,-6.504,8.5101,8.0942,-11.856,7.1531,
2.1964,4.1871,-42.7974,-3.8744,0.78236,6.3906,-0.1319,2.871,-10.2838,-1.293,12.3378,8.0904,-9.6986,5.2777,
2.0646,3.454,-44.086,3.5889,1.2173,7.4534,-6.8724,4.1446,-0.50773,0.23036,13.0438,3.7486,-4.2962,5.9249,
-3.8439,-0.60964,-44.3331,5.7837,-8.4967,8.452,-7.9064,-3.3345,5.3073,-4.6037,5.0303,3.0413,-8.8589,7.0156,
1.4482,2.0783,-42.3962,-0.58887,-13.0483,-0.0085901,-11.0476,7.7116,1.3737,9.7725,18.8285,11.2947,-5.6761,2.0152,
-2.2539,2.6767,-44.4318,0.65175,-6.722,4.0895,-5.3229,-1.187,1.0501,-2.0213,7.9376,6.5199,-9.9148,3.5813,
0.050522,-2.5451,-40.0786,-0.11025,-5.113,0.22872,-6.6907,-0.39242,0.7461,8.9462,16.8613,8.7803,3.4546,7.4642,
-0.4349,-6.7314,-42.4946,-8.2988,-8.1811,-4.6057,-8.2175,-3.2614,2.6295,11.3015,16.8135,10.1812,6.1393,2.6776,
-3.7828,-1.5071,-45.7295,-5.3907,-8.1722,0.49134,-5.3143,-7.4045,2.4718,3.3926,6.1637,12.4629,-2.9059,5.4094,
6.085,0.5119,-36.7189,-2.1747,-3.8256,-2.4303,-7.8876,5.5734,2.8055,17.289,19.8939,16.5354,10.7659,6.531,
-3.4388,-9.1599,-41.7467,-7.3467,-5.5239,-4.2128,-5.0043,-8.861,1.673,2.1517,10.3851,1.4433,2.4071,-0.60941,
-2.2683,-1.3797,-39.7238,-0.63917,-2.3001,1.3424,-5.6682,0.46788,2.0547,0.57632,13.1362,5.3337,2.7448,3.7652,
-1.8913,1.3546,-40.4739,0.60401,-1.9212,5.8411,-7.9792,7.4297,2.6544,9.4598,23.1943,8.6291,7.1594,4.2627,
-5.8754,-1.8599,-41.6607,-0.1549,-4.9392,10.0706,-0.99271,-2.8978,4.6645,-4.8463,9.5103,4.4962,4.5609,8.5864,
-0.46164,-3.9179,-39.8844,-3.7615,-4.8842,-0.416,-4.5486,5.7117,0.28726,3.3982,20.2675,3.5028,13.2049,1.5633,
-3.567,-3.9238,-41.5884,-4.2587,1.9168,3.2244,2.2323,0.78974,1.9573,-3.7951,11.5801,0.64178,11.2078,-5.5199,
-3.1118,2.8193,-36.924,-0.38752,-4.224,4.236,-0.55298,3.8756,1.5986,8.2429,14.0185,10.485,11.7404,-1.5735,
-0.99686,6.5066,-33.7447,-1.3286,-7.345,4.4638,-4.8586,6.5351,2.949,16.9069,22.3364,10.338,18.2665,0.93103,
-6.9628,-0.39109,-40.1557,-5.8284,2.014,16.4887,2.905,-2.7748,5.4234,1.7925,6.8963,2.7283,11.6272,6.9009,
-2.2065,-5.1886,-37.2644,-7.4069,-1.9635,1.3994,-3.5361,6.0686,1.2413,7.8312,17.9314,8.8309,12.3756,3.1127,
2.5052,3.0765,-28.0387,0.99149,-1.6047,-12.7846,6.558,0.16083,4.7823,9.5305,18.5423,10.9526,12.3562,1.2387,
1.3908,4.3384,-35.5154,-4.8528,1.8658,-3.8228,5.6824,-6.5975,-3.2172,-2.6102,10.1991,1.1362,10.1685,2.1285,
6.6102,5.5241,-37.2408,-6.9718,4.1642,10.5065,-3.8174,5.8497,-3.9883,-4.382,12.4795,-1.8243,12.4507,5.8569,
2.357,7.603,-37.4167,2.6056,-0.90614,23.9762,-2.1423,2.6064,-3.2673,-10.8678,-2.3693,2.6237,2.0627,12.7366,
-0.43577,7.8695,-39.7513,0.76178,-12.1797,22.0554,-13.8241,11.3679,-7.6508,3.8843,11.8729,12.3485,7.9645,11.7312,
-6.9171,10.0489,-42.9096,1.4394,-18.4388,34.8321,-15.6458,10.4448,-0.68377,3.0488,9.7142,7.9922,6.2818,12.2326,
-5.0563,13.3023,-39.3711,10.5116,-21.1889,42.5039,-10.3687,11.2644,-0.64274,-5.8112,0.93666,5.5844,1.0842,17.2828,
1.0321,8.1659,-36.5267,7.9532,-21.3638,25.8536,-11.6745,19.2656,-5.9068,8.6374,11.4858,10.552,10.1781,14.8,
-5.2968,3.8195,-37.7093,4.1016,-14.7793,20.0843,-4.2254,11.3608,0.23217,6.0707,6.9402,11.8471,12.9419,16.8045,
-3.7738,2.385,-34.2418,-4.5805,-12.6876,13.8177,-8.5515,14.7766,-0.022845,11.2498,20.6238,11.3773,19.6371,7.8422,
-1.6193,3.2061,-33.1515,-5.7519,-6.6236,18.7733,-3.7,10.0333,0.94274,0.93393,12.758,9.7305,17.9768,8.8175,
-5.8607,2.5316,-38.8752,-2.9964,-10.5647,20.5392,-4.924,5.0927,-2.0061,3.7702,-0.058841,12.039,11.5956,19.3759,
-7.6782,-3.164,-42.5682,-9.8065,-14.5104,11.3529,-15.4748,10.8129,-1.6446,17.2825,9.8269,11.0754,14.0331,10.2594,
-8.4223,-2.2508,-39.7729,-8.4947,-5.2034,15.7336,-3.2177,3.1745,7.372,2.1456,-4.8628,4.8675,9.094,7.4749,
-0.20422,2.705,-34.0121,-4.6108,-5.3736,10.4508,-4.9528,7.8048,-0.78313,0.93203,1.575,8.9138,15.297,9.9185,
1.2541,3.9883,-32.4538,-3.8522,-1.6769,15.1262,-1.7638,5.4081,-2.6646,5.6966,-3.3399,6.9329,14.8611,11.2513,
-4.1234,6.1596,-36.7731,-2.1748,-0.13006,21.4499,1.2345,6.0479,0.86976,-0.91172,-12.2986,2.6606,9.6311,15.397,
-2.6712,7.4771,-37.2181,-2.7676,-10.0041,12.2089,-10.6498,19.785,-0.86954,11.4352,2.5393,3.7059,17.971,9.8935,
-9.5007,4.377,-40.0466,-4.2887,-13.5013,11.7172,-6.3957,7.39,7.1363,-1.0612,-7.8566,1.3142,12.3133,9.5412,
-10.3769,-2.1523,-43.4284,-8.3699,-14.6196,2.8192,-12.7606,5.9825,7.1902,9.1256,-6.9031,7.0202,10.6104,9.4505,
-10.7182,-3.4692,-44.6791,-6.4214,-15.1885,0.7221,-15.3692,4.6594,5.7947,14.8448,-4.0785,8.045,7.5637,7.9198,
-13.2081,-1.5734,-40.793,-5.3128,-14.0362,0.91974,-7.9391,-1.6457,8.0986,6.0004,-10.8237,8.2857,3.9766,9.6138,
-7.5955,-6.2998,-37.3815,-13.6712,-14.6402,-13.2354,-13.7296,4.7199,10.5046,18.6557,3.9257,8.2704,13.8608,-0.60414,
-6.1758,-5.4398,-40.4411,-7.5484,-10.3874,-5.0902,-6.1571,-3.7583,18.0692,8.3774,-3.179,5.8461,11.1008,-0.56824,
-8.9385,-4.3903,-42.5942,-6.8546,-12.8975,-5.5079,-9.8852,-0.39956,10.9597,11.008,-3.2294,16.3413,11.1579,7.4198,
-12.7405,-7.0194,-40.5204,-9.3356,-13.0877,-8.5517,-7.8459,0.58851,7.8918,6.9733,-1.5892,13.9148,13.8629,5.5286,
-9.8069,-2.9828,-36.4022,-0.33954,-4.8309,3.7718,5.3993,-4.0263,9.1053,-7.1836,-9.4478,2.7158,13.2721,7.8482,
-4.639,-2.0807,-37.3513,-4.8985,-7.6743,-6.3367,-6.735,4.6512,1.0874,7.3474,3.4114,1.8297,17.5374,2.3159,
-10.1452,-0.99151,-39.9307,-5.0867,-6.2495,-4.0283,-5.3666,-1.4125,6.8067,-2.6139,-10.8933,0.75564,9.7365,2.6589,
-5.9213,1.2369,-36.3298,2.2081,-4.6695,1.7572,-3.8395,1.3236,1.3369,-4.6265,-11.8065,-0.49476,12.7677,2.2586,
4.5573,5.0191,-28.8474,5.9323,0.43097,5.9901,-2.1629,6.0649,-4.046,0.47181,-1.939,0.98118,26.1017,-0.76945,
-3.4291,6.6464,-33.3833,7.0226,-2.9691,8.523,-0.58706,-1.0477,-4.7673,-8.7158,-15.9227,1.8864,21.0406,3.6153,
-4.1875,7.2114,-34.2726,8.5292,-10.0218,0.29885,-12.1212,10.5843,-4.9632,5.9072,-12.4367,8.0397,29.4192,3.3983,
-7.0693,2.6816,-34.3854,6.3302,-6.7692,2.9322,-7.2966,0.067111,-3.4604,-5.8959,-17.2339,2.014,29.8234,-0.42074,
-4.4762,4.2077,-30.1533,6.6735,-3.7117,2.997,-3.7255,-0.17811,-7.8327,-3.8552,-15.9591,3.5801,33.0952,0.80911,
-0.11025,5.6425,-27.1388,6.0322,-5.1762,1.1305,-7.5994,6.3405,-5.6751,4.8123,-10.4218,3.6063,39.0635,-2.8544,
-3.7191,8.437,-28.1618,10.7314,0.67796,10.9446,3.2205,-4.4042,3.1011,-9.5765,-23.8965,0.25688,35.5144,6.2345,
-2.7725,5.2797,-29.6054,8.8827,-0.56801,3.7799,-2.5159,0.43976,-9.377,-0.68646,-18.0037,0.48244,40.8556,2.245,
-1.4016,3.7578,-27.5881,10.5187,0.67113,8.6146,-1.6423,0.17218,-10.0199,-6.1891,-18.6109,1.6586,46.3577,-1.5049,
-2.5223,1.3632,-28.5839,6.2726,-3.9484,3.5184,-6.123,-1.5254,-3.3927,-8.4689,-22.5555,3.2463,48.1562,0.27261,
1.0037,2.2455,-26.8689,4.9322,-3.7113,-4.4052,-4.3094,3.869,-2.2251,2.1624,-12.5253,0.64113,54.9081,-2.1541,
0.46108,6.4491,-22.8466,10.4208,6.1524,3.5719,10.0492,-5.0402,-1.6096,-11.9471,-23.3434,-4.218,54.5056,0.38527,
2.3618,-0.20414,-21.4756,1.1187,0.96273,-10.7424,-3.6897,-1.3636,-4.8873,-0.14281,-11.8192,-0.59028,60.3941,-5.9041,
-2.8413,-3.3256,-21.8743,1.7747,-4.1565,-6.8442,-5.1555,-3.9331,-1.4608,1.0708,-16.6539,-2.2423,55.5654,-6.7554,
-4.3583,3.3816,-20.803,10.1041,-3.6664,6.3407,2.6258,-1.5277,-2.5782,-1.6447,-18.7879,0.061608,52.9546,-0.80623,
0.24175,1.7329,-21.0009,0.33884,-5.3746,-7.0551,-8.137,2.4203,-5.3156,2.3103,-6.0915,1.5042,59.4183,-10.3988,
1.6735,4.5208,-14.4382,7.0672,3.1428,0.11684,2.9563,-5.9198,3.6802,-8.4334,-19.826,-0.032109,54.8891,-6.8826,
2.7782,3.0445,-14.7772,5.92,-0.17898,0.83296,-1.3187,-1.4671,-5.4589,1.4724,-16.3466,-4.1278,52.3189,-9.6034,
5.5038,1.4158,-16.3007,1.2263,0.79585,2.2295,-3.6495,-0.41493,-4.6492,-2.954,-13.9197,-2.4336,53.5183,-9.5089,
1.5583,3.5002,-14.5995,3.804,1.4712,2.8184,-0.29724,-3.0414,-1.237,-13.1409,-20.5561,0.8452,52.4761,-6.287,
-1.4279,3.29,-18.5442,-2.691,-4.8838,-1.6893,-9.9206,0.033411,-9.8396,-4.1579,-11.1283,-7.8824,56.5586,-13.6228,
5.8888,13.2157,-16.4675,3.2553,5.5324,12.5121,2.726,-0.45076,-2.9825,-7.7646,-16.2449,-4.5171,55.0931,-0.75411,
6.0177,8.0842,-17.8896,-2.7248,-2.0306,-2.3382,-9.007,-2.8341,-14.3729,-4.8884,-13.8242,1.0568,49.8595,-7.4575,
6.1385,7.5992,-12.4776,-0.63314,0.01985,-4.6085,-7.9842,-5.0741,-5.7978,-3.6308,-9.6203,-3.345,55.0627,-11.8303,
4.0832,9.7945,-16.3085,4.9487,4.1158,9.768,1.8946,-5.4928,3.9503,-9.4387,-16.5147,-8.2062,53.9283,0.20745,
6.0074,4.1456,-18.4635,-1.8562,-5.0492,2.7949,-7.619,1.3447,-10.3867,-2.8468,-9.4982,-7.9548,52.3798,-6.7949,
11.1903,9.9222,-5.5453,4.7629,4.172,10.5812,3.6841,-6.69,-4.8228,-10.1481,-19.2924,-1.9341,47.5496,-5.6641,
9.3139,9.0862,-5.4536,5.2003,0.30651,5.8488,-5.9367,-5.5654,-5.2561,-2.5491,-15.4836,0.35133,40.1175,-4.1187,
3.4526,6.1306,-10.9112,3.9242,-0.1945,7.4258,-9.919,0.55283,-10.7255,-0.95009,-12.6266,-4.9722,36.264,-3.8718,
4.9324,9.378,-9.5334,5.8581,13.9172,19.273,4.7761,-1.1673,-6.4668,-12.7034,-20.3049,-3.9507,38.6677,3.8321,
4.1543,-0.3435,-16.1922,-8.5934,3.5619,4.0166,-9.6105,1.3131,-14.2733,-5.6745,-11.3736,-7.0883,38.758,-7.4848,
5.8333,3.0516,-11.8462,-3.619,3.8301,12.0908,-2.044,-2.6221,-9.0786,-11.6005,-19.3683,-9.5551,34.0219,-2.6974,
9.0987,5.5196,-9.9304,-3.6428,12.5184,14.4989,-0.71602,-6.0802,-17.4519,-12.1098,-20.8573,-12.1153,30.2938,-4.2228,
7.8299,3.5012,-12.95,-10.8961,14.9003,7.6029,-7.6629,-4.9925,-20.0202,-11.6242,-19.8473,-15.9677,25.3427,-17.2258,
8.3239,8.5937,-8.3164,-2.0476,24.1296,14.3776,6.8968,-4.6929,-7.2498,-14.7831,-24.923,-10.6713,24.3041,-7.0332,
8.7888,-0.59899,-11.674,-13.4939,19.7893,0.017574,1.5416,-3.447,-18.384,-4.7376,-12.8223,-11.4773,30.0767,-10.9496,
8.7437,1.3654,-8.5632,-11.2378,21.9767,10.6216,10.6084,-9.025,-15.3525,-14.094,-19.7659,-13.6809,28.7542,-7.4003,
8.2188,4.1757,-4.193,-5.7435,19.2116,7.092,10.454,-6.0732,-10.5752,-13.7306,-15.2058,-11.896,29.4389,-2.6182,
6.0387,-3.0644,-7.0747,-12.3883,18.3001,-7.4335,1.8728,-2.0936,-3.433,-4.4708,-0.19342,-9.0128,38.0371,-7.0402,
3.0248,1.6987,-7.8555,-4.6553,20.8175,7.1125,10.6785,-6.5473,-1.5398,-12.1563,-11.3891,-6.7848,32.6214,4.2281,
3.0845,3.7657,-4.7329,-5.0991,10.1682,4.5166,0.63758,-1.093,-15.5474,-2.5091,-13.3575,-7.5833,27.0485,0.35918,
3.6226,4.7453,2.0588,-3.5881,15.102,1.1123,8.0709,-1.7505,-8.2273,-1.6354,-9.4223,-3.9945,30.487,-0.3855,
1.477,-0.84207,-0.47506,-2.8909,9.3751,-5.2214,7.5871,0.2827,5.7636,1.3552,-2.1086,2.9936,33.9604,5.4222,
-0.78075,-5.8532,-3.5798,-6.3326,1.8232,-9.9693,-2.2684,5.8094,8.0694,11.6378,7.418,6.4294,36.0206,5.8202,
-5.0727,-0.19938,-0.95489,-3.0604,9.9085,-0.69452,8.4728,-0.80572,12.4055,-0.14772,-4.5963,5.0798,31.9307,8.3631,
0.77552,-2.8387,0.30769,-8.9023,6.6627,-11.4989,4.3493,3.3402,0.81512,4.4407,5.0797,-0.76842,35.5587,-5.8773,
5.7902,-6.2838,3.9047,-10.5376,8.914,-6.7116,13.0064,-2.8862,-0.43908,-3.2976,-2.2149,-6.2664,32.7023,-8.1757,
0.14038,-2.0502,3.6704,-7.495,7.8975,-1.006,15.1183,-7.0516,3.4439,-6.9559,-12.2052,0.85828,25.4373,4.8481,
-0.34997,1.4473,3.9321,-3.6708,0.19278,-8.1765,3.124,2.0486,4.2011,7.5615,2.6271,8.0376,31.1419,6.9673,
0.15273,3.7703,6.1063,4.262,1.6272,0.99096,7.757,-4.823,10.2158,1.6847,-4.3999,7.0732,28.7912,13.298,
-3.7128,-2.7224,2.8476,-5.1528,-5.2193,-10.6377,-4.278,-4.5336,12.013,8.332,2.1311,9.0594,22.7254,8.6437,
-3.7308,-4.2461,2.4358,-6.0487,-2.7367,-11.6869,0.076224,-7.3949,18.2818,5.1808,2.7264,10.2028,20.1568,4.9918,
-2.784,-2.3041,5.9053,-3.0342,-0.40338,-6.8878,7.0615,-14.423,8.7492,-0.67323,-5.391,7.9034,19.6703,7.8258,
-0.68881,0.72624,12.2997,-4.2984,-4.7175,-15.6336,-1.0749,-8.2549,1.9578,13.3465,8.4298,5.0191,23.3108,2.0536,
-4.5039,5.021,10.1154,0.29782,-4.4344,-12.2855,6.7023,-19.3288,7.6249,0.97651,-6.1759,-0.10276,14.6813,1.9304,
2.5153,2.792,8.0625,0.76234,-5.1322,-16.3686,1.4799,-12.8664,1.3828,8.1488,-3.2745,6.6523,21.5132,2.7789,
0.1952,0.93725,10.712,1.4395,-3.1375,-14.1816,-4.6349,-6.5513,6.8435,5.9726,2.9475,6.4941,24.8022,1.4069,
-8.0117,3.7731,10.5512,1.3531,-3.9132,-8.9924,-1.4643,-14.8349,11.2531,-4.991,-9.7629,1.2842,11.7444,2.2863,
2.3512,1.3778,13.0516,-4.7536,-6.3297,-16.4064,-3.5458,-10.3296,5.0345,9.4084,4.5615,3.3761,16.1017,-1.466,
1.487,-2.8025,15.4018,-0.85297,-3.7805,-11.3249,4.6209,-13.8069,10.2763,-1.8816,-2.7019,1.4865,12.9662,1.7552,
0.67463,-1.9112,20.0213,3.2953,-5.2411,-14.2606,1.2104,-4.0607,7.9723,5.7028,1.5574,4.5306,14.8395,0.92673,
1.8394,-3.0018,20.9892,-1.4819,-5.6496,-18.4666,-1.9957,-4.0585,5.8067,8.9761,1.223,3.0535,17.5646,-7.565,
-2.1275,-3.7858,18.2838,-1.393,-1.9364,-8.1994,8.2472,-12.0094,10.7607,-4.5777,-8.0092,4.3168,12.1722,-0.8439,
-0.79459,-5.7278,16.4636,-5.4065,-2.5431,-11.8052,1.7268,-3.8173,3.1257,9.4353,6.5713,8.637,17.4674,0.41156,
-0.50595,-2.7331,20.0553,-2.4308,4.117,-4.107,5.7205,-11.5418,3.1791,1.3974,-5.5128,5.9497,17.6246,4.4847,
0.48851,-2.0869,22.2265,-0.357,2.9059,-3.3784,2.967,-7.957,2.5062,1.3138,-0.8435,5.1105,17.5312,6.1436,
-2.4331,-8.2284,17.5184,-7.0843,-3.5352,-11.3707,-1.5496,-1.2133,3.8018,6.0554,9.3302,2.8759,15.0333,-5.7944,
-9.0356,-8.2167,13.0931,-5.2129,-3.3227,-13.5805,3.846,-9.8171,6.9482,-2.0207,-5.3296,6.5598,8.8287,-4.0005,
-3.4322,-1.6981,16.4046,-0.80281,-4.3286,-18.3097,-3.3746,-3.2028,2.4339,11.8389,0.17213,13.1556,16.7346,-0.14506,
-5.6362,-0.63214,17.3488,1.1735,-2.1409,-6.6056,4.5409,-9.759,1.3238,-1.4047,-5.1406,5.1356,12.3563,1.3097,
-4.3339,-1.5583,19.6823,1.1034,-0.084042,-2.3527,6.6788,-1.9424,0.76222,3.0181,2.3984,10.6123,16.9178,6.052,
-5.7613,-8.9366,16.332,-6.917,-5.6226,-15.4684,-4.5682,2.7532,0.47552,11.2727,7.7981,10.2165,20.4821,-1.3014,
-4.9335,-6.4722,15.834,-1.6815,-0.465,-2.0068,3.4186,-9.4633,3.8214,-2.4191,-6.7697,6.2291,13.4686,1.1873,
3.7984,-0.058118,22.8381,1.5531,2.6966,7.0315,-2.3299,-1.4235,-2.9156,6.1624,7.0133,14.2913,21.5783,5.2136,
-2.6962,-0.53679,25.8059,0.49534,-1.8037,-4.9598,0.70222,-7.6048,2.0799,-3.849,-1.1205,10.0591,16.9089,0.56223,
-7.5961,-4.12,22.5706,-1.2212,-4.3471,-18.7622,3.3112,-10.282,11.837,-0.96647,-7.0788,3.9124,10.3512,-4.5332,
-6.658,-9.6574,13.9855,-6.9325,-5.0501,-9.562,-7.9745,-4.8444,6.3065,4.8761,2.5049,3.6776,8.2839,-4.2612,
-8.1867,-2.329,18.449,0.23193,-0.40878,5.1117,2.6271,-7.9282,3.5176,-9.5165,-11.7453,4.9033,2.9661,10.0945,
-1.9109,2.149,29.3934,1.6643,-6.1688,4.2023,2.4695,0.74221,-1.0318,-1.112,-6.0997,3.6447,10.5009,6.476,
0.13149,2.0201,27.6296,3.0102,-4.3529,-6.1727,4.2491,-3.6406,-0.96991,2.3287,-11.0363,1.4979,10.3528,-0.1795,
-0.84027,3.3451,23.0795,5.7221,-0.23488,6.7307,3.0302,-4.3865,-2.8399,-5.0418,-16.6407,7.1926,5.3933,7.5445,
1.8615,2.9032,27.2386,2.2458,-2.8721,0.78393,-4.6231,3.3487,-1.9464,0.32258,-1.5422,11.3405,12.5418,0.58413,
-4.7577,3.9343,25.8452,4.28,-4.387,2.9056,1.6798,-9.1443,-3.0349,-13.7968,-15.5497,1.742,1.4249,-1.6201,
3.7225,7.0727,29.115,4.5056,1.6612,1.2855,3.5072,-0.88285,-12.4938,-4.4126,-18.4729,-0.77262,-0.10637,3.7798,
6.3914,0.86355,27.3681,-2.9959,9.2741,-1.6844,4.2609,-1.312,-11.7444,-7.0401,-18.811,-7.4749,0.38172,0.66024,
4.3207,3.4628,25.967,1.2813,7.0304,5.8885,1.836,-3.4025,-6.46,-14.0895,-20.3334,-1.4828,3.9742,4.236,
1.6513,2.7731,26.8193,-1.2057,-5.9249,-1.2133,-12.3741,-0.30627,-13.7851,-5.0494,-6.5802,1.9806,7.5922,-0.83838,
0.58793,2.1248,32.4408,1.2767,4.5535,7.0542,2.4683,-4.6262,-1.8708,-4.7465,-12.4521,4.2719,8.101,10.2992,
2.963,-0.89497,31.9406,0.23602,6.2087,2.7748,5.6945,3.3639,3.0619,9.6383,-3.0281,12.2105,15.3275,12.5735,
2.3033,0.60499,29.0601,0.22186,2.4618,1.162,0.53207,1.2339,1.9139,6.0475,-6.7028,6.6572,13.4439,3.142,
3.129,2.9788,30.2087,2.6191,6.1704,2.5386,4.357,-7.5168,-1.093,-8.4154,-20.4006,-2.9013,7.8166,5.3636,
8.9672,-1.2973,30.5654,-5.01,2.1848,-7.0137,-1.448,-0.07615,-5.1248,6.1895,-9.6559,-2.9682,15.7837,1.4264,
2.4034,0.46757,26.0804,-1.576,4.2231,4.7355,6.5928,-6.5791,2.1723,-4.7869,-17.5124,-4.4771,9.2933,2.0644,
-1.8381,3.573,25.2384,1.1697,0.83622,3.2456,-0.79263,0.32316,0.83671,-3.7768,-9.9542,-0.59305,7.5304,6.5198,
-0.28182,1.9126,27.0986,-1.3106,-6.9265,-0.80526,-6.0479,4.6423,0.30435,1.7522,-4.0543,0.40663,7.5603,3.2363,
-1.9521,0.59254,23.7852,-0.99124,-8.1981,2.3761,3.233,-9.375,0.52706,-9.1991,-16.1033,-1.305,1.5631,1.3549,
2.7445,-0.16614,23.5634,-2.6188,-2.6448,-5.2381,-1.0586,4.9261,2.1829,5.4528,-1.0371,5.281,15.5693,2.4787,
-5.1327,-1.1203,20.2216,-0.051282,-2.4859,-1.0672,-4.3693,4.6307,3.016,3.8005,-11.4593,0.14367,10.8995,8.1148,
-3.6201,6.9009,25.0336,5.0132,-5.4704,6.9508,-9.6505,6.0399,-4.1546,1.8851,-10.531,3.7502,8.0761,12.6893,
-0.028248,3.5946,26.4239,-0.5902,-7.5521,1.7128,-10.9999,3.2671,-4.8694,1.2898,-0.25814,0.63294,7.5918,2.2868,
-3.16,-0.71846,24.5975,0.16835,-4.9298,-2.9692,1.9526,-3.9183,2.8946,-7.2233,-11.5708,-3.0205,3.0389,2.3905,
0.64498,0.047551,23.8448,-0.082722,-4.8755,-9.7809,-4.1905,8.1267,1.5156,7.3101,3.2234,2.7044,16.113,2.4881,
-5.1783,-3.3298,17.5934,-3.4522,-3.1367,-1.4813,-3.9391,-0.55586,4.7991,-3.1311,0.2582,1.0959,13.6999,5.2313,
-3.9035,-2.1659,17.9843,-2.2805,-4.8764,0.536,-3.7025,-1.0042,3.5471,0.43096,-2.6491,5.851,8.0574,14.0767,
1.8743,1.5795,19.5563,-0.45692,-10.1275,-4.5578,-9.024,4.5997,-2.2094,6.913,0.16068,2.8484,8.7793,10.5805,
-0.16633,3.8949,18.8651,6.3194,-7.5916,5.839,-1.7337,-1.9428,1.7796,-7.6017,-12.8641,-3.1071,1.5036,14.284,
2.7359,0.28694,18.6973,1.6017,-9.5465,-1.2605,-7.4144,3.9581,-4.5939,-6.0613,-0.52337,-1.4746,-0.032624,10.5347,
4.9821,4.6083,22.8779,1.9877,-0.77876,6.0462,1.7073,-3.0281,-5.7643,-7.1436,-9.6508,-4.2784,-2.441,7.4923,
6.3702,9.8752,26.5669,6.9299,1.9193,13.1555,5.7024,-3.0871,-9.5161,-5.9919,-15.5794,-6.6726,-1.5714,11.6227,
10.8085,1.5701,24.4909,1.2115,-5.4265,0.79676,-3.7985,5.775,-10.8731,0.15198,-1.6292,-7.2368,3.8253,9.4788,
8.9551,0.27061,21.3343,1.38,-1.0035,4.8463,4.3831,-3.0077,-0.33874,-11.1853,-7.5573,-5.5973,2.8729,13.9718,
3.8383,-0.46876,15.4747,-2.3185,-7.451,-2.9165,-5.2801,-1.1402,-6.3442,-0.63205,-2.0422,-3.5744,1.4954,8.0716,
2.8849,0.76489,16.7154,2.4002,-6.2808,0.87413,-1.3476,0.13373,-4.2761,-3.7274,-8.4271,-2.6368,-1.2456,9.7567,
5.8448,-3.3788,15.4712,-0.39493,-2.771,1.0626,2.3482,-4.936,-7.6354,-12.9037,-13.4656,-1.2733,-0.92992,13.2686,
8.8686,-5.5862,15.5071,-9.0483,-0.19412,-3.3394,-4.5411,2.591,-12.9616,1.9705,1.4424,1.2132,8.7668,10.0624,
0.62369,-1.3947,14.5769,-2.2389,-0.66486,4.5737,1.5159,-0.93889,-2.5427,-4.053,-3.1027,0.17653,1.4919,16.6895,
2.7557,-3.4804,15.3893,-0.89907,-7.1327,-8.9573,-3.6365,0.32251,-3.1133,2.2159,2.1449,0.88861,3.0899,13.5187,
7.8927,-0.86119,21.6967,-0.84535,0.043955,-9.384,6.2224,-3.5535,-1.9624,-2.2556,2.4984,-3.0209,5.7968,10.2972,
1.1524,-1.2917,17.0205,-5.6151,-0.44039,-6.4106,7.2956,-7.6783,-3.7731,-14.1716,-5.8465,-10.0707,-0.33585,10.1616,
8.5553,-1.9373,19.1327,-4.0729,0.30917,-9.1592,-0.13181,5.5566,0.55089,0.77872,8.6043,-1.0301,12.459,9.7931,
3.4625,-2.0618,16.7797,1.2331,1.9776,-3.0663,5.4195,-7.0691,-2.1335,-13.368,-6.012,-0.72754,3.2755,11.8568,
1.5675,0.23106,15.0498,-0.046141,-5.6128,-7.944,-2.3775,-3.5119,-16.1055,-7.9862,-7.8204,-2.853,-2.4651,10.9044,
2.6788,1.4225,15.834,0.19759,-7.4452,-9.1541,-4.404,3.6887,-13.0902,-3.4097,0.1204,-2.9228,2.2626,9.5268,
-2.5437,1.0962,11.7507,1.873,-6.7576,-4.0256,-0.52434,1.2982,-4.833,-7.7844,-5.9121,6.1706,2.3678,16.9094,
0.98319,-0.41608,13.4558,-1.6139,-9.7263,-10.0508,-8.688,9.8972,-1.6508,6.7827,8.5426,11.5847,10.9026,16.3765,
-1.245,-2.5603,15.3,-1.7578,-6.4912,-7.2781,-0.69473,-1.0605,10.2584,2.6398,6.2223,1.0077,6.6335,15.6354,
-0.44713,-1.2016,17.0329,-2.8578,-7.3072,-10.4571,-2.3405,4.0645,5.0634,4.6504,9.4642,2.6342,8.4044,13.9737,
0.061627,1.763,18.9034,-2.2042,-7.3507,-6.9371,-5.0921,11.5334,-2.4712,3.8894,13.2346,4.8868,14.649,11.6894,
-5.9676,3.3445,16.5642,3.9538,0.080174,1.9148,2.2033,3.8516,3.7026,-5.262,2.5586,5.7984,12.0829,24.2445,
-4.4043,2.4204,15.3293,1.5474,-0.64754,-7.1177,-2.5082,9.1645,4.2038,9.1537,14.6976,14.851,15.4553,23.9951,
-4.3812,2.9983,15.6146,1.2134,-1.3318,-3.0755,3.6676,-1.2675,1.3002,-0.67457,2.4874,8.8984,8.5026,15.5657,
-3.6364,3.3004,17.0879,1.1406,-0.28804,-2.8909,1.5193,-1.6738,-5.5267,-8.8293,3.3024,0.65131,9.9202,16.5595,
-2.2132,0.93342,14.8573,-3.5074,5.7546,-5.8512,1.187,4.9343,-3.0257,-0.82793,11.5397,0.85342,16.797,17.253,
-7.624,-4.1843,8.4223,-6.4304,7.0965,0.043483,10.0338,-2.3516,-1.6393,-8.2501,-0.96277,2.0071,8.7993,15.9768,
-0.8998,-1.0409,18.0401,-2.6701,4.7428,1.4869,4.1289,11.8895,-3.4692,6.3449,13.195,10.5635,19.8403,16.9466,
-5.6663,1.9138,21.2962,1.8289,3.976,6.2186,3.3995,7.6814,-1.3324,0.54135,4.5703,8.0017,15.2757,18.8221,
-6.2902,-0.1292,16.6442,0.7548,4.7018,0.060933,5.1237,5.2928,5.0141,-2.3832,5.2599,11.8604,11.4671,18.6571,
-5.672,-7.1111,11.066,-7.7264,3.6966,-8.8606,-1.2095,7.6261,10.2566,7.6415,19.0443,8.0151,16.8048,11.03,
-7.2599,-4.7567,12.3301,-6.2989,9.2593,2.2759,6.0939,-2.9548,8.6774,-6.3143,3.8017,-4.9993,9.0476,10.8501,
3.54,-1.8197,19.5442,-7.1258,9.4267,1.8984,5.4873,1.8022,-1.7252,1.5363,10.8042,-5.9042,13.084,1.281,
3.8095,-5.5669,16.9253,-5.7344,12.2355,4.6765,7.5682,-3.6086,-3.068,-6.2686,4.8533,-6.9962,11.8171,0.72224,
2.3757,-2.0994,14.2228,0.15326,18.9732,10.9039,5.9093,-2.1868,-13.2482,-8.5441,-7.73,-4.4073,9.4208,12.971,
7.777,-0.76841,15.5388,-3.4711,20.9685,9.0446,5.3135,3.0059,-21.3709,-2.9695,-1.2404,-8.24,8.6148,3.7573,
14.2998,2.8931,19.1858,-3.5038,27.6637,20.312,19.0947,-6.5745,-6.8325,-15.0839,-7.6739,-11.8434,5.9283,0.39835,
17.7806,-0.65492,16.5886,-11.0066,25.5219,10.8986,7.4645,-3.7699,-12.6891,-10.8044,-1.9108,-14.5068,8.4651,-6.8564,
20.0882,5.169,22.342,-4.5614,36.0417,15.065,18.1038,-2.0974,-12.892,-15.9407,-9.9909,-15.0826,8.9211,-3.553,
19.3648,8.2333,23.4118,-0.91326,40.1462,17.536,28.5867,-6.3099,-12.6005,-18.3587,-18.0685,-13.2133,9.3502,0.999,
18.6851,1.9545,15.2582,-9.5356,30.9887,7.3245,12.7715,-5.9315,-20.0394,-11.4724,-6.8613,-16.2772,12.6458,-11.1123,
15.8765,9.3092,19.8863,1.4009,36.1191,20.9851,14.7771,-3.4063,-9.4368,-19.2199,-13.9212,-11.6853,9.2357,-0.081427,
3.8367,2.9661,18.2112,-3.5039,22.3828,9.7236,4.7314,3.547,-17.0657,-11.3183,-10.1939,-10.9842,5.789,0.88733,
4.0889,-0.10439,18.5645,-3.7756,21.5217,2.8732,5.4118,4.2981,-6.8828,-7.7467,0.058733,-10.3252,13.6364,3.2447,
7.9409,4.4816,16.7278,3.4404,22.882,10.1726,14.9691,-0.057167,1.9663,-11.8616,-1.632,-6.5722,16.916,9.5575,
-1.9358,-2.295,8.7342,-6.648,7.4091,-3.212,-0.02908,0.187,-9.962,-4.6422,-0.32903,-8.8292,12.7674,-0.89814,
-1.8196,1.6991,19.2972,1.4639,9.2542,9.0318,10.9394,1.1401,4.7357,-7.2557,-2.7194,-2.5148,15.8577,10.243,
1.1819,-4.1877,22.4781,-0.06996,3.3965,-5.4896,5.9445,3.964,2.8848,-1.9999,9.4951,-1.3998,19.7272,10.1106,
3.5213,-2.9723,23.5393,4.2723,0.78189,-10.4626,6.0695,3.7259,0.78332,-2.844,11.3357,-0.35176,19.0253,9.0218,
-3.6796,2.2679,20.9221,10.5237,-3.3622,0.047274,7.8752,-2.041,1.4599,-13.0375,-2.6006,0.87441,12.3404,15.9525,
-4.9051,1.6495,18.2203,5.0716,-9.4274,-8.1507,-6.5771,8.6863,-2.9665,0.75974,11.6555,2.2682,19.3127,13.0667,
-3.6467,4.4428,18.5734,11.9983,-2.595,-3.8051,5.3865,5.2728,0.10382,-8.9266,5.5325,1.168,15.2617,17.1032,
-2.9457,-0.16186,18.4233,9.8324,-6.7774,-9.8435,1.2072,2.0646,-8.0973,-10.319,3.2726,0.61577,11.4537,14.6314,
-1.3227,-2.5627,22.6203,5.3861,-5.8888,-8.2886,-6.0961,7.2434,-3.7551,-0.058847,17.0556,2.0251,21.3713,11.3429,
-5.8229,-1.2039,19.5759,6.7499,-5.2943,-2.2479,-0.18651,3.6751,2.014,-6.0811,11.9351,3.5906,16.9557,15.7238,
-4.9913,-2.0958,17.4374,3.4526,-12.2077,-12.2361,-4.5139,5.8649,-4.8555,4.4069,19.8959,5.7855,14.0104,11.4062,
-6.1381,1.4044,19.2835,7.1019,-4.2444,-6.1993,3.9517,-0.75349,2.1847,-3.0884,11.4713,3.5102,12.6879,15.5425,
-8.4209,-0.849,17.4033,4.0247,-4.7126,-12.8168,-5.6854,1.9433,-0.11596,-0.73389,18.2548,2.0947,10.7213,12.4408,
-3.0954,-4.6544,19.2514,0.40872,-5.3942,-18.7967,-6.7901,3.7549,-0.10877,5.5771,25.8366,1.4867,10.5604,4.9454,
-2.1868,-2.6879,19.7836,3.9996,-1.9371,-7.7869,7.7173,-6.3528,5.4411,-6.5681,10.1864,1.6384,6.3109,15.9769,
-3.7426,-6.1423,14.9811,-3.2302,-11.703,-13.8274,-2.9896,1.018,-1.875,3.2262,14.516,2.2632,6.6554,12.367,
-7.6154,-5.0504,16.2514,-0.3851,-10.2779,-7.9361,-1.123,0.23401,2.3349,-0.58277,15.3322,0.44023,0.23053,10.4197,
-8.605,-4.2657,13.3482,5.9048,-12.5535,-7.9421,-4.9122,1.666,4.1232,1.3802,14.8945,3.7885,-2.6756,16.0612,
-8.5704,-8.3478,7.7268,2.6582,-19.5129,-14.6962,-13.2944,6.3865,5.8038,8.5284,25.0878,7.4173,0.85916,13.1696,
-11.1894,-4.7137,12.3249,6.1139,-8.9423,-3.4503,-0.68633,0.94188,10.0351,-3.3117,16.1109,10.588,-2.3256,21.7792,
-10.2771,-9.9745,9.8981,0.20366,-8.1644,-14.0896,-12.4553,4.9827,-4.667,8.2152,21.6518,8.2654,-0.016945,18.3033,
-8.4556,-8.1712,6.1708,3.8066,-8.3979,-6.7367,-7.6106,2.9965,2.4821,6.035,21.558,5.118,3.5995,15.5178,
-7.2251,-3.1014,9.8979,6.2296,-13.9198,-1.2711,-1.6106,1.1297,6.9127,-1.7986,21.4695,5.0521,-0.71406,13.3817,
-2.9352,-5.3255,17.4989,1.9994,-14.0484,-12.2816,-7.7805,6.3646,-3.6249,3.6119,25.0021,1.8564,-2.599,8.7224,
-8.3025,-5.2467,15.2439,6.9409,-4.7696,-5.037,0.64033,-1.9712,-1.238,-3.5949,9.402,1.9863,-7.5049,18.0812,
-10.4555,-6.1372,9.75,3.8733,-12.9191,-11.2427,-9.7624,3.6906,-0.92279,7.4671,18.1174,9.8208,-1.511,17.7193,
-6.9361,-3.3588,13.5033,7.9793,-13.1083,-9.6038,-8.6947,3.4692,7.8092,3.6446,17.9942,9.7135,-3.8305,17.6204,
-4.5919,-0.74692,13.1751,11.3567,-5.5731,-6.1357,-0.46005,-3.0057,5.8946,-1.8765,3.417,5.2745,-12.2775,18.0092,
-1.6651,-1.9072,12.6255,3.2037,-3.5518,-10.829,-3.5657,0.78985,-1.9311,6.1901,14.058,0.86048,-8.8895,6.0827,
-1.8062,0.37642,19.3398,7.5912,2.205,1.1489,8.4584,0.50149,9.031,-5.9919,9.1171,-1.3603,-9.0795,10.7789,
-3.8672,-8.5645,15.0462,4.484,-7.8095,-13.02,-0.96697,3.6047,1.4995,-0.088575,12.1858,-1.5199,-10.2218,8.4452,
-4.1169,-5.1578,14.1434,9.5178,-7.3407,-10.4309,-3.3193,3.8705,-0.51886,5.7011,11.4544,4.3561,-11.0549,11.7946,
-5.0751,1.1772,15.9463,13.5265,-3.7668,0.55929,-3.3611,1.4691,-1.6926,-1.1485,0.88518,2.4075,-19.3093,14.7028,
2.7012,-2.0265,18.6047,5.725,-2.3355,-6.9461,-6.7749,5.9607,-3.2782,2.5359,13.6065,-1.8343,-13.089,8.277,
-0.11222,-1.1822,17.2475,9.961,2.8661,2.3885,7.7316,-5.2429,2.9442,-11.7163,3.3904,0.9271,-12.5449,16.6983,
-5.6489,-0.38816,14.5254,12.4966,-7.188,-1.8524,-1.0477,2.5432,-2.2943,-0.76969,8.7303,4.0047,-16.3717,14.9732,
-0.24871,-0.1239,17.2691,11.0235,-7.962,-4.3928,-6.0465,6.9699,2.905,3.3738,9.8933,-2.2611,-17.5586,3.7105,
3.1404,4.2221,15.7508,14.2187,0.22823,2.6195,3.9575,-1.1613,6.1049,-5.5055,-4.1974,2.2127,-16.9872,11.2004,
-2.3504,-0.85173,9.5033,6.1349,-7.498,-9.1066,-8.8132,1.8011,-5.3484,7.3581,6.6595,8.829,-15.4858,8.6004,
-2.4501,-2.4876,16.4052,5.0437,-4.3968,-1.0882,0.15146,-1.9226,2.4446,-1.5193,0.71651,4.6836,-23.4745,9.7719,
4.2044,-4.5075,21.9286,0.1618,-0.99951,-0.78194,0.86528,-0.11999,0.61068,-2.151,-0.53177,2.2335,-24.7176,10.8728,
2.5061,-5.6836,16.756,-5.6332,-0.45783,-6.0379,-3.0433,-2.0412,-3.765,-0.093984,-1.464,0.17103,-23.2348,4.4356,
1.1506,2.1295,18.4022,0.73059,-0.18917,0.35015,3.6475,-4.5696,4.4149,-0.81147,-5.9556,4.7403,-22.0814,8.749,
1.5635,-1.8551,17.2981,-4.6157,-11.747,-7.866,-10.5511,4.8631,0.29362,13.217,7.8991,5.9021,-22.6847,2.9214,
-0.45824,-0.77926,14.8139,-1.4462,-2.8472,6.1035,1.6514,3.1253,2.6864,3.2647,-3.18,5.5482,-28.0723,8.049,
0.77409,1.9186,13.2022,-1.6004,4.3135,3.5681,3.2395,4.625,2.7666,3.3102,-4.6764,8.3488,-23.7364,11.1815,
1.451,0.11625,12.1691,-6.0841,-0.52507,-9.9023,-3.9447,5.5528,7.1799,8.1728,-0.78038,5.6783,-24.4819,5.4489,
-0.32351,2.7606,16.5004,0.78864,0.7115,-1.8362,7.6199,-2.7343,6.5079,-3.1636,-14.4721,-0.6882,-37.1129,9.2191,
4.7576,-1.0205,20.0896,-4.3204,-1.0184,-7.752,0.65524,2.9734,-7.9826,3.5337,-3.2395,-5.7081,-31.8732,1.1941,
3.0259,0.48703,18.8843,-4.0611,1.4528,0.9083,3.508,1.3487,2.499,-3.4267,-7.8658,-1.5093,-26.1044,4.9789,
0.19322,2.627,16.0644,-1.6478,-1.7674,0.61283,2.0927,2.4731,8.857,1.3586,-6.6705,9.4276,-26.2253,12.6343,
1.1457,-0.42294,17.9926,-5.4056,-4.0717,-9.0651,-5.2635,5.217,8.8073,12.3641,5.2987,10.3079,-21.7595,7.0558,
-2.0567,-1.1207,18.6001,-1.4661,-3.5862,0.87854,-0.85056,-1.6038,14.3046,-2.4778,-9.1193,5.5919,-27.926,11.2115,
0.47725,-0.57152,16.038,-1.86,-6.7455,1.7902,-7.548,10.0616,3.3235,4.2989,-6.282,4.7744,-27.2143,8.1287,
-0.033315,2.8372,17.0042,-0.78411,-2.002,11.3237,-1.3105,7.0478,4.5703,0.18455,-9.7615,0.14965,-28.9554,1.3745,
-0.51371,7.9696,18.3938,2.6369,-6.2206,14.5007,-3.1601,1.8042,7.1882,-1.7547,-15.9247,0.14067,-34.9314,-1.1181,
3.3737,7.9736,17.2904,0.55075,-5.3652,8.3282,-10.6835,4.5887,-7.3431,-0.20294,-18.3434,-7.5808,-36.2097,-9.7279,
7.7508,12.0747,23.2426,6.5435,9.0567,21.9285,4.0575,-0.74851,-7.5052,-12.0011,-31.3428,-11.7054,-36.2065,-3.6009,
8.0091,2.9141,20.6433,-5.1773,20.4439,9.4051,1.2835,-0.46218,-7.2958,-0.91719,-19.2189,-9.7978,-33.7927,-12.7848,
14.518,6.8366,26.3941,-4.1438,22.3507,13.4201,2.8937,1.7343,1.0956,-5.9238,-16.3785,-6.5589,-31.0422,-12.2587,
13.165,9.3189,25.7748,-5.8233,34.0251,20.81,11.8791,-4.6363,-11.0212,-19.6684,-29.4958,-13.8781,-36.8925,-9.113,
18.8826,7.0726,27.3618,-11.0176,40.9017,15.946,10.4435,-0.74271,-21.6881,-8.9676,-23.9901,-16.1784,-31.0635,-19.4121,
21.6058,10.0224,32.4683,-3.1259,42.3037,18.3635,16.0831,-5.0367,-10.2642,-13.25,-32.6741,-13.7617,-30.6462,-18.2476,
18.3812,7.011,30.5202,-5.3485,30.6065,6.6564,3.549,2.4963,-10.6122,-7.6348,-22.0366,-8.1158,-26.3973,-15.7064,
10.2889,5.3855,26.0379,-6.2324,26.6009,12.283,3.577,2.1056,-11.1803,-8.3815,-24.8117,-7.3874,-30.8385,-15.487,
6.2974,5.5441,22.5476,-4.8944,23.5588,17.8128,6.2547,-5.7337,-11.9559,-16.0736,-37.423,-8.8726,-40.5576,-11.6659,
12.6682,3.7654,26.4972,-5.0829,17.8068,6.6204,-1.3512,6.6616,-6.9,-1.1296,-21.0776,-3.5197,-26.0733,-8.5556,
1.0619,2.3342,22.7382,-3.5731,13.1229,6.4646,3.7911,-1.2099,-0.46049,-15.1618,-23.9103,-5.4777,-30.5344,-8.2832,
-0.93004,1.7122,20.8915,-8.6613,4.6228,-3.0823,0.67156,-1.6192,-8.6276,-10.0341,-25.3682,-2.7389,-34.005,-17.4272,
5.6337,-1.524,27.1103,-9.8284,2.1763,-3.1383,2.8004,-0.31679,-4.9764,-1.4783,-22.6408,-1.3693,-25.9387,-19.997,
2.4032,-1.4326,29.822,-3.4541,-0.84683,4.2804,6.9707,-0.29779,-1.7858,-9.5848,-26.585,-1.2871,-24.8648,-9.1562,
-1.5974,-2.3105,26.1045,-5.1753,-8.5088,-7.5452,-7.5475,7.4329,-9.3914,-2.7427,-13.4205,-0.24603,-22.4086,-13.4271,
-4.876,-1.6899,23.092,-2.4544,-5.5881,-3.2365,-0.70745,-3.1365,-1.1151,-11.2552,-25.631,-0.7132,-24.4385,-13.1039,
-1.9319,-1.8295,23.8756,-5.4402,-8.3859,-2.319,-0.90597,3.0777,-2.2531,0.74873,-20.4775,3.9093,-19.8387,-9.6661,
-1.8162,-4.1301,21.9609,-11.3807,-14.6314,-7.4823,-6.154,7.2311,-5.0106,2.6318,-16.8387,0.30009,-21.0587,-14.8709,
-1.4661,-1.7129,23.2946,-1.2979,-12.0665,-2.9362,-0.2414,-0.19237,1.7977,-7.8902,-27.1566,2.4515,-25.8205,-12.2912,
-4.2706,-8.359,23.3432,-5.5586,-20.9835,-16.86,-14.3269,5.1218,-5.5408,3.1885,-14.4399,4.2326,-24.2718,-22.159,
-6.4247,-1.1088,27.7274,-2.8149,-15.8683,-8.4971,-5.634,5.2967,6.3608,0.10442,-16.4658,4.9427,-22.3333,-14.0808,
-8.4491,-2.0064,21.2432,-5.0559,-18.2905,-11.3615,-4.3314,4.0148,8.3895,4.4367,-16.9239,6.5746,-24.3675,-8.4155,
-8.9065,-7.1882,17.0761,-7.6449,-20.0851,-15.9825,-10.3381,7.1483,3.0659,10.4375,-10.6058,8.1083,-23.8693,-16.1053,
-7.1668,0.71445,22.559,-0.19653,-12.3725,-1.7671,-2.7284,3.104,0.71235,-4.2888,-24.0695,5.9341,-27.0169,-12.9698,
-3.8448,0.67158,20.7236,-6.4517,-18.861,-9.3739,-11.2418,3.8817,-10.8996,-6.0804,-22.2641,-3.0986,-28.7704,-19.4224,
-4.3372,-1.0557,20.6852,-5.3415,-18.4525,-10.4989,-10.8085,4.3719,-2.774,1.2741,-16.349,2.6307,-26.321,-19.4626,
-6.2459,-3.1618,19.6853,-5.7439,-19.0323,-13.0022,-10.8826,4.3508,3.9001,6.7415,-12.2345,6.5705,-25.4649,-20.9457,
-6.5947,-4.659,19.7092,-4.6764,-18.6135,-13.9091,-10.4709,5.2948,11.1382,13.3267,-6.9209,11.2377,-23.2139,-21.3764,
-7.4039,-5.5848,19.732,-4.1546,-18.2196,-15.2437,-9.6016,6.1824,18.4236,19.5169,-2.4081,15.6251,-21.0977,-21.7806,
-7.6828,-6.9367,19.7531,-3.1822,-17.8495,-16.0165,-9.2663,6.5341,24.7902,25.3356,2.3157,20.231,-19.1091,-21.6793,
